{"cameraMode":{"drawMode":0,"name":"Shaded","section":"Shading Mode"},"sceneLighting":true,"audioPlay":false,"sceneViewState":{"m_AlwaysRefresh":false,"showFog":true,"showSkybox":true,"showFlares":true,"showImageEffects":true,"showParticleSystems":true,"showVisualEffectGraphs":true,"m_FxEnabled":true},"in2DMode":false,"pivot":{"x":0.4549309313297272,"y":2.4153833389282228,"z":1.5668751001358033},"rotation":{"x":0.0015626568347215653,"y":-0.9161158800125122,"z":0.40089839696884158,"w":0.003571252804249525},"size":2.757647752761841,"orthographic":true}